0.26853656879186094505164950733431843261439517898894499257398902866565041798877524e-2,0.42051392341346323788698432377477460928503339680708604708619613123154051505200895e0,0.17803915330283836111234811629291376034257424759817740575116356605248530022321484e1,0.14571737413553345363987962673353442414716660305617876794968389862000911185853766e2
0.25694268581619406691269277542214527477259843827894882545958420075540861203009715e0,0.2783746621563187640173069301772599105064839871107602666586336860267930150563534e0,0.21573615905021502937878732480336592981156797723875640215934585591298459904348956e1,0.23729532401436922562439610275290658164078166968479251246805357381156132431726812e2
0.25332955503585550078385245318739792584370978424556144293607328836971427366422836e0,0.27395770000593360665609561689957488190640054305612347774462434009005880713722053e0,0.21486559741398094220093978785190742717275641213293399145682316721858973114065009e1,0.23736057405684383328815469131959676843647086060399176289911274013626036237857109e2
0.19608584373815407759186511872283211995920127925144968569456926067296045291336403e0,0.12660087703751815111408497535170496340047105910468488125788204582179610610478502e0,0.19217736055334080320628254532331718536466297291940085350089270794276317711679743e1,0.24456532037265669456189334514166058829666103544252667623219914447886395400433663e2
0.21274288450316301296609635701735615711259433694197858273791009770664743936442167e0,0.17736655380296837596730716436202892348807045875843437663680361939786968542670684e0,0.1991503446441497023062454216642244633643777589889889950573476547868160547605537e1,0.24461630150799015077336406520614185913634651524243553947898680089279802380059779e2
0.18896979078998075365597202763735798254936773439412922358951512449049904329278623e0,0.10009595939299847925976966044966422638333843274235953412383066821411931773535771e0,0.18986434607202684769707963605898841997763898953796671470794822233841559537746001e1,0.24469227124446530028878538869391828239595471961968782299942597253479877914022314e2
0.15490107430442084270412195964824130588531675219796500784822978478339064425735216e0,0.64608703728749114087928822042577474436308852614845475049642790608938221660522642e0,0.47578526770531448171326235767256789421817594234463019551135379503957086736887401e1,0.30518409889739183020522928827494681338462825245420099266131963104414719347198569e2
0.3279260713157343223186598879787898168474780720350023854538618844045587479178969e0,0.21215354249540216269360745135067314067097854996050147137051185733000962297303552e0,0.22662686790481644958133858818197705003908085748349346502156153871827498831877546e1,0.31908616428117479764156481776483866226457518427957995434523995862856182800522275e2
0.3247060180272033667210253399708149970730459786296816708862573723638327506454863e0,0.20867991651382202683069411827052081005837726384496191700627858721306887909750376e0,0.22586409127932264830406505314988336234926090997069435996712348498493185283540271e1,0.31915170107771328396570822409753403850295684812128633788193773443004407526578954e2
0.26663374852290210120431650938976833069976277838655398631062798803372803811900065e0,0.93706719722057865356238917889538812659325602814041405164356763902987349085165615e-1,0.20731320599832491212293985122484438681900058625440989786972676887685885145302047e1,0.3255820189377493795196260343489455282607405057597717779927085980370556078819163e2
0.26124268544266256302092627792369473331288247372332159887317438339879236023328045e0,0.74783537556667970733901021830564742625222462689737530327400720566817350027151527e-1,0.20576132607424283570750760424386591607917391787518410337801794157670235659878391e1,0.32569536076161942353305282677306479823533403913216869827731785721172344116433299e2
0.29970507423699692370979413758613769420248476193983750648938117802898867676022287e0,0.16691742679898067945823624411232979353337167548339763370308318484863395844917719e0,0.2184250334762198970272122022463577246941164051604741041458171164339763252931743e1,0.32580366815550668618409850065827266332422651874096402687847644863874238408091311e2
0.31423340504466564733869759421222669390321411881681153715391185999453905276788784e0,0.53848252974943510987925493300582856632230410784126600200710653078260427920504282e0,0.48672002992770144397233609764310980650068384058308282310348634078625115115679051e1,0.357689195570776087865133606735228814031956351384534979459536078817328045656578e2
0.18467293553818342183342846652846145605784280941141330800021351713804098217718865e0,0.57537407740739149143290858259986554170725739900459067822872673554912645497110879e0,0.51586391029210441609113283818361716514004973834748425332263475006496873142312777e1,0.35858674529810837443760075488037062842434287535689971835990223809052013003245631e2
0.45390280229228905829052868084839085507017275468994750414080104237529458152100773e-2,0.71424419267634721906897442200414638948713994288833644521171902755124728981335294e0,0.6229116974469051188909246735223174530683920359359583749312379856682060438712631e1,0.37239145519632091184211891640717206909239731779008079947571857631175873494588515e2
0.28711368618802920907251505204141805294641441334877896941850829671062927753442807e0,0.52520985843843786275548987158427413431673857594422230168136144076578264128386469e0,0.51183291764385067973184850289810937687794148849039993292553957289631307925085043e1,0.3823441269589148175798656460875943549688460209441139103974832677010937897765731e2
0.40027402529128083394657863974634298835401658276188779945599760720651187881631829e0,0.376207371619061781861868092998811039871011804060782183476030957305923413312948e0,0.40196960605517822032177497899291098803840015808133653117262513042214241552094054e1,0.39583643066463590938955256231108654740240963519357678202086065675226934349591942e2
0.36278025330717346180456514543915875427459097198801780347681421992109174439071721e0,0.17491530830990058033637404039819425953873535749588806691814137109150018628165816e0,0.23220506740377334750766205066541842759268848357793602730038367933806778567341482e1,0.39676877028426876381606725922808594238312926297179294130799609612138530979981442e2
0.35994516307241677885903204256808077615091659459476317039953942753816165820837695e0,0.17208831238437608104981626677113302378677661743772704255749144487421551454225507e0,0.23154995764961156397586834495963991230548122449044100364125703552833198441282092e1,0.39683236473673739760639039647236776451574135914805110794397752015681474665610743e2
0.30635603008259949856286827105234280232002321606767499283239768226960143251598906e0,0.76830483242628432355827419569760835994841857343629322231406018680873319010087439e-1,0.21591700659130017133742335961288525348706215474534959531354809568660750936365836e1,0.40285747192239154832582077312154320442429084234913193207924132487398546347741376e2
0.30183166714925896404681578350461937871453752694372800888530937708931881738807097e0,0.61545369708828469371351693047708737006620019372230028652021746428301497100896506e-1,0.21469088759671394885023783734104175197933695297353263094499423096890732210535226e1,0.40296185576711275819892299783572234972900837552996290141424694742069042647490724e2
0.34850074898129441607719480777883949397381213656378122102307024219414975170238064e0,0.15488232603212645643277727774506545012532821425354457109119634219461260667826566e0,0.22865114902807348847968881959621073392218723249909544968367395556805311029421196e1,0.40321275966899227827411613063263711313440857366975053022359788929768022105303798e2
0.42748982312219212620910573152911904018658577787246281501579605422735888443310151e-2,0.66915394496405774560979593723771005083051205494119153932670352784670709665115148e0,0.66211304254419106944575698827125253277809658799252951305476290480701866310293634e1,0.41405108403617595036493632209272204668795888183704490003889651379644218221879049e2
0.30896930080886846260162905908880814005601635087259375780747785810703391944871151e0,0.42367276918219153614504577646070969686321716906467475132442001520918915844289177e0,0.48914942162439230999063792869004062073219091219890637636124057158323438201309514e1,0.42808218905210643635724103186791419627747965908872211578707908623128569062763957e2
0.44432508736106898760818181230700592614904865782771879259677274135129761462106729e0,0.32351437685367021610158722807189630769966120452399138015273148172004140978787013e0,0.39075027228513513858239738551078428250306457793205942475735742576939923728671071e1,0.44318749932224136696092869285439481915891138887402859269952082126017342939267105e2
0.37957118673050246001680116407387036118837788425225623251415124165313122626422196e0,0.35476925660960142745399537383362859168806021405114556227679653542373409009388686e0,0.43642727777049359387300530896302582113519643154090575069492806475341884884220302e1,0.44803400090835739514087838827653805230670717913394151147860747665700322773960518e2
0.95672775017121987898721610099674313428525004962054102780742820399197664619910404e-1,0.5727441251082937707323484464324784307538386985177431437845221568605911652552813e0,0.65136883521860148712183144467945980176325922471503962648698097106243919619028759e1,0.45170244230805119457943637855499514842839744549049551084198550036195245017301087e2
0.94171067254084823214878198167535523298916598222806891653412253280455482820957933e-1,0.56832432428452431039207305195301886177837397220863385151167598164313362920652171e0,0.64831024875566300021372738476303984558465022272193807907856263523615650356687048e1,0.45174968379100376402162574101966201186704186777680992524365727965209426537331628e2
0.39085244055106547811283419081538857654021970738328317372116296657064831725416246e-2,0.6403324120162729479448832163766879859682216689380922050262614749100665810215816e0,0.70538691406084320645628753735255237012651617735330188777293777168394835471431921e1,0.4543365936345112753938559474017466032593167993711461674207251978046798098810439e2
0.14586139896332730072595249566345392671875498945403231594708621795851056952088292e0,0.63515311217934677669368797165597068590421435997124032128331602668689735169056264e0,0.70588955147898062198916023346100179633439097223091179614016724549781987403366675e1,0.45806773305027215549079312102186052510536502255427380722252224820186200956301397e2
0.17315325008580747264910020384499026560694672379564584849642364544426702233278749e0,0.65363175323827357293060275398235373666460611468102696403988630816779946121304341e0,0.72046964541964883382820753970438438324821923789118158400655191635902697410720645e1,0.45850553343078437362202221632420104982620396996644522077031997542491185976444415e2
0.41961174879274917849568127182978010294460425630281950206288340474037240232770542e0,0.34603771511997793632038743913429735489162834046957634526267334955089505716162184e0,0.44172341593810578875093652690784764534436360892182697499573671305035217570421627e1,0.46927558928257760247593186292174482380745207391661941012283214268126771729831861e2
0.31944518177602355061395930670855742233943320989354835848844763188134751886491177e0,0.41685018835692024480688207738763220090987699854766089898915965975736063058491345e0,0.5306401044198511594563736707156305079114598726263691961226756654088951756787441e1,0.47134170898618497322752993691149568880639949921773521597292232952824262651734396e2
0.38151144924341851279213735946189203922935037364227869978754921223398934691610354e0,0.14826829130048727160935633748879070461736265471136824066298975130428365941391417e0,0.23513294958555084001724827344770192053266003117316246487174908567865812776536662e1,0.4721260125912719165431531681303934429784211704631589619753515947025543983516922e2
0.44586053000343387065353917718105940346156530006189759072106055858639651043061416e0,0.27878017030459076850519882896849752831623686636506325099141356723937116047225133e0,0.36630582592846577616515172990284909922657778508451719054061005821811788273217878e1,0.47705082668115676630728415011194884787116506625005271814155919085441088454499792e2
0.33240657167242599434717436812381138801457353461310840409119528503210025876195862e0,0.66032621577740397551375734341683213987350553190844490259991186435279403991690953e-1,0.22154544042684429022636710075820164067362993475838202105234055161873193688543342e1,0.47789651193470576368127249639181734421233770675495043553867297882535255224416031e2
0.3808287462053698947732157709056135129825222562436541035329305263996033543667537e0,0.14490361592935700393556070384653483368250201760918943661361019663374301180935281e0,0.23522651462373319933994425492736913356782371675344672400776689427061701646221306e1,0.47835534419751230890818134617274018599476629373578200488368748779256070963174626e2
0.28479878286157002414938359532295689080144038326193493404769994660742925461718633e0,0.59242248675268384872953704530822569339813697542254860861780108083562552333275523e0,0.70719824473451735670460649970448611880800973669170434636589854470609723508958785e1,0.4837651862456198889787092442953774549514378049097203385327142490749803558864312e2
0.43134620715026349468689853910268716763748053987171003690098424662367557484720476e0,0.3297935501156963738407021377356315814345988758211630906879320971628204836270356e0,0.44225409777306333047089000922507946856595687972083560992484439586735725383673801e1,0.49159387200386644067052999665043520238175746845628697631074311728321672893902693e2
0.30068612057966274272724957941695827420816091950365668230475561715050129345946914e0,0.39674177411290371336511976386897342650932241655074152579517972467374169387764035e0,0.53833734171822874552427586762914479994430469050168984863935074450672923048484654e1,0.49201754511190302633963018206950259674660620910429135835570417449275165950305745e2
0.26635111564696144913370801004804365311418381808827152109453927340967389173890254e0,0.34269646674184554675936509192324947014062493674673027204526884977278234458517675e0,0.49863976652275631655566391496488032230981863739077445086819234608040336529385515e1,0.49230470068024889783972229961427513827796052158980421280946590667417853857673746e2
0.37027448823860446353227156318723525256450710772481734815528418510411518519891652e0,0.34241188207846654463428373410881383589450962529189579504442285145120890960184816e0,0.46924867293858795754324968882566326054175412492081712452142796794479755200270573e1,0.49352201066875196116870408251063301966203702286320654322209963090616186610995744e2
0.36057501383447364314624969708971776909545628437387456948563273619331871135061462e-2,0.61993606522134892438402489224927661264851870120528146427193208387596635400104175e0,0.75028490601544064541571537628956914397065129839168838926246519861640083359882055e1,0.49363307966978110833227912068983468231568579230668771089264517266214744782668975e2
0.82532328300669336442758309019653392032306395054773890942754918352394700801240043e-1,0.56506048982936284921643715261186655529325466306016515054095860497229513576757747e0,0.7243865898816686666937201413228207710598906143345987369984683122729767623178048e1,0.50629629449418231545508735706368200371913867786787603907835832713732507813655949e2
0.64868210309314585938644014704773808526939824764310595793688916538972617789745446e-1,0.48602552463708675005582468312819110607096910149574588152422696994334344804617036e0,0.66522711775312700755238976027466281204835045895462465075392057933507245363776286e1,0.50740659479115722362738474705879185094314857292526824324417378192857576306334981e2
0.38166793616452989430127270269071419235099629539992356390286875013769126829530496e0,0.45466059747821980148377295675104611773145110192274159923708149444991009296541243e0,0.60530142230253647416594552665092753789647615454762019639882389222182543602952507e1,0.50925741514652212334125137261007387403342311050517014006670096309577388410861893e2
0.32468639721337103881844665839362498741256807111460010651937217302046396949064695e0,0.41573187860835474556632676885909676180853205535724128093536599849138603623276792e0,0.57511914008921782213147889156168274763768683110283615151487561499098469480993535e1,0.51266572620738288705814503665169455106624092579132411770451765463045978466171529e2
0.1938233757169582338410923752258860485839151163808480742886988518627561233571292e0,0.60637511021612394148276815543012095597103829087428430088403857907788487488740377e0,0.76482262218471020895008233552139143346633878184014414210413572280716488292650702e1,0.51316046066182872741916938377446187973418839517303954892281655389782126492264156e2
0.41544680878972046282691770511722323143259321280293730418477472637164271246422401e0,0.33723635341803832627931832563531740804934074178916298179797972169116137074143992e0,0.47380080773624126137687355478783584584007927112149385220835373880451118823603891e1,0.51411416437609741331202462010925618364889646767388230125907814411621125888283443e2
0.46914946087273039492176588290874456834940488058905938704438056843279950808546752e0,0.24570206227711258076411318998802860767669975540050721188187087257744571814533762e0,0.35171434040918175318652993361021904286361644709034122267006981833808839216006199e1,0.52188939922154038921138722084329373199712177843588147098502392920736690902786378e2
0.42606213778737450385755341957977113157156433869873797121692170269851483558234619e0,0.26717039147768821221820875456107767439714005679443864642098073670032915222497914e0,0.39440262195309248283237568791350462252829431370636466943062457925608886950007515e1,0.52895677263776713066915752174073928486769657506360864663035324127437909085072588e2
0.31101232426659790302316809029863528198624633134291861048399703430799141334232116e0,0.40270631021450728615530881473236820037296998841812060407460740543816323721854571e0,0.5866803375989667417063355223873335601077077214520606624850989359877183385379139e1,0.53270343985001679211838055727487716057705530309050949172682854193150200724477809e2
0.26749522717459123553785366691007914677245928504609134238616845308784333774751414e0,0.33783397158399522962067134895691753524356133876420652713431867578409818844606724e0,0.53515921277784807729984977236046383393813718154829407058611170773703570531541532e1,0.53331034700428066887901080441324939054351561288972910632926875725786003187809025e2
0.28675743012320552545079366137198916390773065623892530567759825462589354205889833e0,0.54310066994427690904468296303459359196710512488818678818611960228883067571195451e0,0.73351949400474368434719720904729064029847360387682510651275920222156069966973184e1,0.5347854682882836590056538160593845907494576866696874103712410417563223235410416e2
0.42359699847724174370309308362324603898213939068124235570403175891842576897406784e0,0.3289983504515463328601646201120757140523588330986893778077325571510718141228604e0,0.48166604423039669268384874117662188242280019385105404177486442348412377657849191e1,0.53540172478360338785114052080388883432652329437224533769929774600212768417162509e2
0.37161535290196446488689053700788006466456012259931336884127215680368241838485891e0,0.33646592445315704667033477153349765846958355772138518541674028659771308203699816e0,0.50246843875206205344200011133482437045320314728935976383970879604968637453551702e1,0.53620765247111533203847232909576929025351365788410362092340935963212283883864906e2
0.11009787662462573201772561960515336638052747458713892673319033377342631497767044e0,0.52559884399519989497204196877492930733938896069034118421873041594690918486652804e0,0.73850822053142487879822011795746584540704441897678476699758740026658778638010622e1,0.54055802031986638300486411212521447518716542477541400666221605907760770246942796e2
0.14716474781209662153263023688144780248961664855753416923586572119662821091803132e0,0.24623201728702292141369458570652035962351239551088168960828555167150991850812306e0,0.52253804057877937169120853854608811343833890026871593387938683185334904684943074e1,0.54409440404875949151580441125479724766819519803106909428279715242730831112891615e2
0.42280646124132242156321901735670195280476658069915646237061628357088956227441076e0,0.37564617838758794621935653509921669725013960978330568893846033834093407513703973e0,0.5522931065301894477049848368304502199521381014774585745787990970360953868289021e1,0.54689076405177959915558262337400998462953319941028078091898995621042980899879477e2
0.39007320619883587249987823312238268849396122492173125482462394229899292545997673e0,0.37097227539513383480367001681200785513833738981362777725013330642465670891917026e0,0.55228399954118269890504699504682964893150818269052043358112984417465353486267786e1,0.54871532570767990863561625555598354767065986596048267338560719133089596392767524e2
0.40114472607913298381244542985435800334380064935812230295033877644171218502655021e0,0.37473541783239336023501830814336889535213719139080656998717866640433765363563839e0,0.55554136405999806534980852526257274833401874904648627268118460190217628130505111e1,0.54897029905998955202189198712892993247350603893960959404478992457396607989263911e2
0.45318225961902180582759278648768657031522700892630419057869610983310573612821127e0,0.26452201566133775763536470667353192383124267342702563187521726789767142285164976e0,0.40011688364636833664286605838983717252820628297044135105857035922593501853354725e1,0.54930309781723529262016855971659461984523963808328705940893746570061852623334466e2
0.351063976946156979106452416025785224741230267559506914468455295080693610098485e0,0.58398144662229639058357273790859684126816617136147686827333687790279545656457416e-1,0.22556110725837440435269829379618198758469127878331606326087964285288322952433988e1,0.55141525630894635961448971218759837109410915636938362934603771121696064695753289e2
0.13590844584945306450408917030352056155629157714120050455797454968175099474934601e0,0.22470894976064515675802331930671007089306723242652682374940019832691919596844345e0,0.52143081646058475056971545853037793123370888132906913507886984806004257881625169e1,0.55177561860113992707035735497157978239381088343512077476419651885373275226681794e2
0.11564115659350989216644584303196537154191745537634199441847334204527892592549629e0,0.13271010085559525733790865455613119152263848145569354362241731227499359926483933e0,0.48672062537162721675484475392273815041338751203144538222046115964546645125758685e1,0.55188062285635201849389976851325476195675254467682453011000669612114389794804037e2
0.40446381015120331363691947139926122660882255198137707080906119781962863912757208e0,0.13672333316575087145774133170064525409997841596350552922608550635605322030464849e0,0.2399356881525701374060352296490628403580821760990229375985648655674062693524726e1,0.55195717046472260881788409843971832868090707845571447290047767746295505043474188e2
0.32810641503017393824888099325122371036215949410278439147773350577419296201529002e0,0.41538559758905163097388719726889969523078811498541511837893577852610232031829865e0,0.61900953437079107774187729949877185207878127706464760536803754801399172837346349e1,0.55269232642293735638553838659169113180310922995009724113016098461886210397822461e2
0.22144091129773077888403938673733381068967201990251644539196798779337702027488658e0,0.26565053908303625227414997041558254678171238961333164973470116471076101790102678e0,0.51057174498652476247387431217847303560227758307349192666925286303917365932737242e1,0.55357030247411021863298786820018390013003994796964952350865163525973435709738092e2
0.21525200122216669223530460129554533502117030522885856310658645185146249403777741e0,0.24753269760758540879368572648493056902283640237518871961698454273154716905391983e0,0.49967553088108526985493519813100348974825545436630758553101762059302190691169192e1,0.5539093566425675090277211197215304544184638297929975722499881098123104682733574e2
0.4638825990835302235553939114041397899662574233957718769190531100948158367525024e0,0.22687041922504589041881649342449002963269482601915264857206684679783873624102904e0,0.34539602854898295177635440991009534800689241185470968456238167383256708010357942e1,0.55436521186790809426530750665183013608731577910623367377445305497107611559908718e2
0.4135291379009206200367697861776370076779670673065165875756762037569041149892352e0,0.33161037881871585934769777555878600900436886885102859697199372376459923627574698e0,0.50572674962306502389442823170150572507093800870685907043293026327086737203842811e1,0.55644878809873821794388215651666139857723901343115632925320549754117544628998779e2
0.53275157029072367507161550177769306735725192153544453988066565968884259996656108e-1,0.49202025293344477761399753017469037165041588745710131182573219932555247060137789e0,0.73520802702010993633714629802975203777450664360292215749527265708889014367501162e1,0.5565539957574675950056644691220196416821605266502885856896571983053448897826001e2
0.6024192128902457869102778771066049724540823616151571197593989564983052790777321e-1,0.5171677634567047859312490709103934008921937315906902650691694493969357555054602e0,0.75593086804798880094312696724740172023172391353350833894937577168919596388061418e1,0.55656388251016545118663342057944758733379959158710512033013360613989602915631763e2
0.78051721583689118240996451689797696219426305998106417643326423190082147732030434e-1,0.4770828666385575491157546923321760857489878767740089326274288365724354821685003e0,0.72159836505631462805340321663791837752034726910339409332704196754547161229142921e1,0.55668878410788772347820558288158116275860940330567951933186145920276716157777567e2
0.28430841442296755864473343119000870801091156413721012462604186071888251710225729e-1,0.3694239070374124858576644367096242275097126732626092799545918208655474731752809e0,0.64294171185032825173367080941037159655625091870301356514476094092567844502848387e1,0.55742530097000238525499237107956898557506863308885116432357456831691908028434583e2
0.14852369908144465297773830161063479419835878805746941471349530515230606970095673e-1,0.30032367146414274112619102775537797583185061481820625707296142216550426473060173e0,0.59779795186546080067173672978919880488168976818322243686241505487203599548909883e1,0.55745358915542244518556920922152474393574960964461685611158470190957041834191552e2
0.47687815544585700847319193907738470301826106439671980322289958080985461230340581e-1,0.42390673566761462096143519518827978871709860504987883880844865806309278919072152e0,0.68321316876018952550969356602690091844758067511997292580075164182497383805427029e1,0.5583026612899528756029789651801673118908122370055867509003713192305241858185636e2
0.46165193721601865684083549704033498077682667258187741610978820537884316270503628e0,0.25361494371086496992130142660410781023205609634524331274946800334925253925424824e0,0.39788421969890608593058068498678304144798056605771298697050638936192549208390574e1,0.57081401408770338800940254764660457057791208144883620031745142257008370648809436e2
0.43199931517888571001546234250467157628919152287584858500663770515007180510691136e0,0.35445275559450587370426320795713694909429819686067746633929549482500663986841579e0,0.54786896877417329704556202050839501840204908429585484490907961699761203806710101e1,0.57140818970436710018405142555582603674661903241453866947395898416061126399920026e2
0.31728152573041450557394889585085322842173763437934311241718492926063912695701711e0,0.40574063325013543251774314514056191443412322702180162843178981263667284573023314e0,0.63223519588050181834513071856619102899113231350130829368426420409927483175473241e1,0.57226235590217022607252480429012252545220477823385164859424527248605412621804936e2
0.26901954331329804102165910472884608382181166234349667603711973372436283330693349e0,0.33635103152071262702969035238574185495410518917626202894383823709287672507462955e0,0.5730007998404302487246907692025484856650959125079675950547931772602836269970945e1,0.57311748944878986821528153532275922650227699620722970731246985663800976464808588e2
0.41643000326839535073641991376136652389193851371294799550762402263494336244343581e0,0.26055041200660184344029124001988032197468748249564061429374190363911141793152749e0,0.42151955464973420418115965519440509299607692798463493434229755931597467713132359e1,0.57426707668738494760491415548945196604129692267690348477488890048222590410545979e2
0.41640427523317686046765175961955820298578831684774099504222018730845120362658043e0,0.3280235339974895869509355060063435222223979179061989954951712588239734229649786e0,0.51893676414903784077284255979388417635523228302411319814964383211846547709825673e1,0.57697655465484002699193691005486768325015179352181252436720940673104491639068936e2
0.3780028528825795164425446977064011669092897890116714918518274314905500405557112e0,0.33283014352116126556641891071402821988883154083247063183689358438759845131108293e0,0.53447222180003383705341367329881016702447515474098912431432972061427497235347578e1,0.57723767143238839485066574115971397249798133539756498732449375064203015934506474e2
0.29339754151353069110976070373841295958853103235661827854346834541156796062860619e0,0.50700070482940629048679573363124551499038464134959742942608287723462246994182628e0,0.75962931997692489440346982928797094209222038088039653881938976753415244895952759e1,0.58249909166602587723971255160265340018810363563098566490179356213415897631765227e2
0.3305738883085130140910501025457702671640556659505062619947575462149354953873385e0,0.41527836175724287735835435097376963598916523819781510224839019220637969333420662e0,0.66218236149612551164780244146989203097587690689601890929246848137004972626964246e1,0.59178279317842552431057087353029863051232103744438370342681537500630812038944986e2
0.44955624468959100296279874089894835852676218365977799185165251895867953063844233e0,0.26057974835848526305469295427359225791072118261118394268879061740936791637288243e0,0.42705545992979908535707377205197375951510030650076118888104531261095962315139173e1,0.5939361556131087059665794098076739075564652695243941488466566544781606087997833e2
0.43760888970753648621689029608528365330583341176699215578611005687210972191817333e0,0.33495491833110416213790692344808501000978639354947080649271415334982559703691387e0,0.54110806126287573055983131095454660691139375042115316105610163332943640147147838e1,0.59400687280640900660054052275163867037258943219505148801174888860938586128531106e2
0.4124943566138842623019496150358634164228451253123688547866200626047336227957662e0,0.32760457396010399307723852778560563997573733773233453230035325579831636624581558e0,0.53729088335026122778697011240967764640973191130092019074820237650650504707310329e1,0.59720006353219255440570783833538451803144149578537426188960491351681015292375304e2
0.32360643329679598280438215831616102126449250848021499334980936399047611806728457e0,0.3328758921720511926964513675683754385438814396541326730197981044127319914884454e0,0.57151246149316088292881670319063254899181746252593780945373277986613242493875801e1,0.59729708127514947931534877178757538747042889609680657571292865998316122687852542e2
0.29835696781167241445461249623388868874888556163162230795450384681781027164394498e0,0.30683655955066336444004330175836736235921236182661539521499569450290544096140746e0,0.55249738817017177598216744291960705784445838466641761465382374880525330667104797e1,0.59794841088728234919403968411725160307504306290988770267497719908016223833324674e2
0.40129373690396806565532723322680057549945713109624410192999935782939417012605559e0,0.36547228070283739977218032829195300495455733490600747957701028493657512918478853e0,0.59726784114629393334546996520855493180195609689690885749859827714994251658062376e1,0.60270973451811613011181259381531147078664650113695208208265266206111998513419341e2
0.44637877497234200053732672238148148944337016286928884405234503453746093376396332e0,0.2191506133024911792964248487785985980797874881457773754134299434182374281720747e0,0.36901420754925738525793614340227425726682752322834204683719956102234049532375573e1,0.60613274157201265720022076530319196223054488282639295430747617824524887617451499e2
0.34977183425594413801247346741777022748718843139782063008032876190864863702284795e0,0.4533703066039622628157599066563438936472244738421647900303991574366801369428159e0,0.72186493267230412724535888255169677612127776002147400944181388404177296172944597e1,0.60631469003290618117876648822116274159351255184243684986901271716477812748808319e2
0.24255527468023105177172263760264485211820802016755702343630311100999631491173077e0,0.3994561188524878328808956410548848198361063691209954906041877792182203533909426e0,0.68317187838951856859097567225944634094186663161672599953884556670964755570614748e1,0.60708740209984436863269733021183748136225366081341821452339206954844715267159216e2
0.25743168211081896430036504764151698477227857478929990519166246856464326043349644e0,0.36319919699808339463225587480607197474641984548391735440137310242452215710122088e0,0.64040019625083621645334442072490836556985347142532583925477159535538929192372821e1,0.60726898757345808321740075550756122539957249838747088925781992907732132656710944e2
0.32161768072078906220765465344980043401523024653791823945191066624970751204022312e0,0.4076448415695177662052742339392082223319832209259205237942638162984944158369166e0,0.67632403866062499272381689641907060292660689538689597692023532262874836347689793e1,0.61099459738514072215867807778595477168944373598885120797518799206552278823366366e2
0.27045889044852305720097425620896037653330982032484935872275642380804428769938204e0,0.33600640981199762768302367440686007384630600129797956558337644002088733759156528e0,0.6109430909114815334184971382681334999687427375923211485120191609140454147565934e1,0.61204257503703235140027995033310187653153331598268457152178011878357891680899301e2
0.45787720784242510324004041420782991811970632263918489498476922361493175729402485e0,0.2538301898847793977229024919836628777232152314207272848016454424338773359819781e0,0.42940691649812311720410338034317299114806491346854773872637276608298518803555889e1,0.61470238820064314590980834077658001031700053782479243994790753481990753555857171e2
0.35809888038168076348552466724600396163105160593808204411947333719125750221096902e0,0.26374858313757291987125160268849108078757615174136216904195571650187517255475742e0,0.48394820069779212999826510816139900981376613380306842120727970414570455814672393e1,0.61621824161737938802895127606336440307430134736810668678669149023492415117170876e2
0.3354967472234639073292606540322969163444444080395536196574009782871918421020931e0,0.23920702652868983469474943172563630298134394320936009332684573111779295432422025e0,0.46563541693322847089576820080214905619019220877923938834354668471562644950458514e1,0.61627200339590952336550374443107666808975384528954322374358315945902762490677766e2
0.41374677090611634981578842254174034483538488922969246188982731815556066904315999e0,0.25731521628101814080163014438665396063727257139055069780104993834453170380790259e0,0.44871685004147244321786695836514131672024170341385849362757837596774580430552685e1,0.61678831089923279618634444339611328875015193597079343467431946585522991160911307e2
0.40664039963416373332286761504081646477236200466184454841600232260049051428756442e0,0.3275855970507562936845089646190332034803418396338776975656198995236690291484854e0,0.5564645159577569506104357416486319747358900138689120993011979381673142385005754e1,0.61712848194888830852262362693462959522585991788589618807343366356157089134747465e2
0.38953546938917460188558153438381660625469215962548159277364984730466908272724592e0,0.32969103965002390769529469544438971651977221573643750089647166413428295689991587e0,0.56377339196642993472515582645752914319080558720685060169350564574956266653241949e1,0.61714891877517348698426739662650900703999350970651203618036300480212849486223268e2
0.42662524644843274678683426344349409351019071099438442225428689558063526067740135e0,0.34806923705362476343434386596420827110508861142158879397794244652592195947467721e0,0.58733422807825215826646053444382885239432264773534842092509642581647091486670937e1,0.62180540478352800943334286448358288599337666745325390818347487556293400364747777e2
0.42301481368366026987710154337658900545321965438645178828229216211931991111645723e0,0.12992946213256924174177889918114640656294652498089869299205736872723964207757651e0,0.24357557827138349354295032483478450356789597015869224259628455884597931832965737e1,0.62442991893175431851279320247885584701033891145146915142429202076316282851229628e2
0.46766871596017070620895977250781527565872610625511520881587296383975367583632108e0,0.21837105918138707535057714426657301951689944019536732027130921547639357820258426e0,0.37445173108193614304239407722286694002022199610894690012927862153224065923869551e1,0.62599006104698669964809392635418824007353767168500415455786947153391387137037176e2
0.29066247261255927966184353100087983414022452938447439688965217694471441147027253e0,0.40657237474882590411446766542972107251563529565182157636900450974944112523664575e0,0.70103725983581506162478065926724676621779001507977698194794558957509116260144703e1,0.6276048257220142691089118864779801824792310540241388150776650353759641757114467e2
0.4732926674153372575922077414564239868836343641344996708709021908244859544897207e0,0.1938918179766429763372831697399224297444842324927931813038307949057776179398697e0,0.33150533945943046142796421736964720329625494059721089070640665564443527480350416e1,0.62940191572385951697783037756898065879902953630289905613083670783025060212094296e2
0.43746455632842632456989649813045436983624142655005150369254287588110934267431255e0,0.27569751535102907241865739019010273108463117021008032213485538027010120103300709e0,0.48039671127621281842047087747118888660229688152255831351280335205252315613299121e1,0.62992895581036098173140165641030129002638667906156162125248086460295117648640861e2
0.44420390467644952722922730081819131147842734296517829100128516583259294389395987e0,0.2774587587575338986218075333196782437680359341583685258126314007477284725198927e0,0.48199861659343566833390414806930068439930472920579842074415148517821879124588984e1,0.63013022482252141338560887936385330553749380112359010995789508488414086483324059e2
0.33246278705638842525070922299374187369566481947942039688453321004020987497154808e0,0.41526486354242186820156000931179422069414396669928428283309230520084719410937239e0,0.70472033850072608419605565538196174086231171029776004308218587539386335621250854e1,0.63016012674190743580195820559887848202531589575158769543297760216975836051888796e2
0.34972132385879698407202810158183704737115147965123339381040675200850326232182523e0,0.34201456783202556782659051801443014638269840621288024617960259286381717564582151e0,0.60558051085815532053249950014296342913493847813944086670893727178959330753280629e1,0.63060302885999169387681955382278295486218784395096835517020401868733515810707205e2
0.27348820876915764066230395784487914683348534378007123515503057647776195936283546e0,0.13705443762237563192992971740619707154330596974727462382292108705556585560350101e0,0.42730327511912066662522477638248530019438901013087453757600156930069787978443362e1,0.63590159069444829896956978347867033293108667733431963063551411974054785283602059e2
0.2682007618996347656402897084399128712700506019155168641256834781081690434148829e0,0.11896538899368616202428456651841525418397171377619448325999732834564872927823065e0,0.41963890421142957090749928237345517710837707595345617882685882910758393133029588e1,0.63603893243865365684298726218080763354992985514711289205923973588308294760143878e2
0.44762582776791809528546279871348170052185169873568107122373359583820591321404244e0,0.25807888508809598814136112983248174362833758555507617864197156219228919714026679e0,0.45358580169847513254524791924862561531381051749734138563728381880474020405788135e1,0.63613162310390818163685635996541678039760002772891228391367092481574653687230467e2
0.41186542662918675344976324075048420726237060262472497077422323458949403853678203e0,0.32454851199283876441737053541424228080554284003442891160723190706521033483382325e0,0.56847131159743635282961673360166054275813042918681799093496193765692118357540667e1,0.63684381820559156856215150129582291887219227243975968358438146377639895269104566e2
0.39186589633958935100347550988581025717026983768443193336544141210833518972209216e0,0.35298799742047750130296860348578930548611520669964923003073164077971364555365242e0,0.62360669025410520488134339035489894003219587343612571333217732539926460483080726e1,0.64583999388912242957123112783148057833278844534813915497664469514977501988497615e2
0.31837946024348489503934114185745128354408395305902637249912371240452062252914267e0,0.32039598740524924045623932057611434001459368584755622277687178322220994358167917e0,0.60503634997676795169324798845712432252666989653554659086117770343827220791125118e1,0.64685318448658566592824105394626825120304140442539277114599739667594356451332955e2
0.27051081625507852451075833566188933604321629094823645257295460918382389362558069e0,0.36821746732976467275306617764972808488492982166827696254430771027204570146184797e0,0.68376542318550910281229226401513192689757380364890660547400815721694955596869463e1,0.64745945793359855086598384556642980092779758798578658782112173615511380352974914e2
0.29999217492690714762406718275089293873806825277733419870812786968539845325772545e0,0.3127440997768050442182300917658528520081963108285001580631974872453675058066506e0,0.60476639518857435265009400487925280530386186520276886564648181064892829834998811e1,0.64754213421477740029679931365453979514827982656463475696344535867217218020447307e2
0.35037863363766690063321796768707828114700666114974097555883310187709094467960401e0,0.3404219650204987177175379383945835899996885115995638926184376203442841807780301e0,0.61949993092595139353041509609062196252179463021540923813228823574816372303468391e1,0.64761131564856373713343449734594394619878595936125789991142548563683573629574636e2
0.22525623503724799354344558161816203161432676176499174069285429019873930230506564e0,0.25279591819525456238091501157729230244928642047503199840695861158807622256759637e0,0.58277151867424710885129852734398394369818141186860709019783172701463689808883713e1,0.64774103660502038050048303438817237923849897551136734919334091651304181460272304e2
0.44531769177282618130639859112173421364596062940570985084860324879991578364821788e0,0.31458302225612170727047846578440165928105307043599068268178421227980219270436546e0,0.55670184909175365590927825093210014643052535180074644679314143208057951794042163e1,0.64789754657193772542095068953686060469768676594362600980125736725132435605093692e2
0.24334324194784705878419453590383104819180064080298344809153837794885437877803169e0,0.30376675880233349894830610008583296379005810948397410923773654645405919503830584e0,0.62458632748380882908707843902512641808737372695055115673564364287958193823659837e1,0.64862046969874281580329154355476769144392539963074477785389033948751798782573261e2
0.32484016600680125641421379700067881907201378833014009553137715992142445856375189e0,0.40897326647951056296219570828488363989893007544737691110386866163385539490587394e0,0.7194372714241046698006152032802694494162954011181608092153000595220826291025852e1,0.64908748770857089173429028918547825418966568355060134687265780103249760177637531e2
0.27174956546574010319217270325100522392154291727118211011246869078217956934227588e0,0.33612906581929503823918498012070683669494095551074854677663293912381074096259254e0,0.6486933704148238996144679728827263736229697194414053072797463233337084015024835e1,0.65028871242915863484215646376980278847614350432719722500004692355401748656630646e2
0.43780786042907430552523907284235969022513545163350890307174677621951400268528558e0,0.21469816508714634161376433269604612868894639382507805697027917633760221791507221e0,0.3918622588276017514928298791378443305530882372884846794210687622676284365794379e1,0.65136738526826004434738834064314933931242641337702157966784099735387147321079019e2
0.46216670554160967887425382992284896104254649977444330549486915454695703031638741e0,0.26749787799971044707082481420263147943265149367814907767638039874238430218731723e0,0.47838117460213303590460055958793905690738614798569221126274345805767006831995399e1,0.65149667936081160285937730415657238443285420978226936195591224113005108844880086e2
0.36840503741371221511066250122421877121034839081894218504187057814629304440173219e0,0.27138136135956523264835264108630525688531210178205663214668343384621180199369999e0,0.52044183783774467698362400704087486801353741198442442682623076627198395885634871e1,0.65574696655218039027359077202405192433570761566741063619355871861960188779599573e2
0.33237195932296953026632004675549630409029036815258141692546353790822578376170338e0,0.23370006987943081542118072228979324536602658632527586951786561462788481613371573e0,0.49056429644838966149673577926908235163629042906210019604364927188270961902606923e1,0.65597201134689046505538307137902975435173768351075036910128171575827243677996806e2
0.45507036271972367064332571054955608321636378863352685787132097229991386920436287e0,0.25352869247583293087931843960592955808283964725537577608499998090403585494959891e0,0.45846277470955025052568341482526965200978717593114431955450799093420339459191237e1,0.65632472160815628634238525636943961708618327001012245887000922282246267639311943e2
0.41381975371894739474143420364635050925164723038300609988361027711224759591984655e0,0.25553688483096394330792859783077214680538813749515181125227179048996738593854404e0,0.47548304584694678506201052731241888565067342429258422314249998233764440243333355e1,0.65765129755542369028879548518890271590941447256970465042981945653919220888553169e2
0.42442593081315199285379052819665287600486494997579132115762995606357062301433081e0,0.33940528898545716602489658474311893451571560611144116780686114192657698922255895e0,0.618268744287790492231975169693949695082372391988550757869170321467803894026352e1,0.66884144565946300301624133084218650950512142736276536525374718105948466462991693e2
0.46465903696017582289807675874327398152844480857102945516007432201258736481312599e0,0.2160452992051502086954305257696983448429643554050693416671038071518962677775401e0,0.39730223579069764313048284491942835744470605749501233099757407892362176419606308e1,0.67052130743682871188383251989407529845724288662343548839861380861513560579895902e2
0.39041937609273689143424942272375283915628327303876241045494974592094332936336009e0,0.29057518835963332818085354337696111182757890758475342547797206314960797628354386e0,0.55536851532692921889341172126804644984026489282475279768067260871662664094653907e1,0.6752836472746915307286001307002185737306066675579840297407934056198990166194325e2
0.38820201500029895618450328377891070906571944227449662421095348817980075577245132e0,0.28569920142614628666622522811494928567199760596346689712232497521376650299335148e0,0.54858947041106613868159201907954213307045264063163866393986491226351601673619594e1,0.67530055237772505600225060011095490292965926712960591769815947810139668517816602e2
0.41143929426136495780071041383028919438443433852739938168042452201588916142985206e0,0.32209757832464953828787526569658483800486736441484274366302404369275155657452029e0,0.59928415063148240614300847196842564780706384645371821915404064355852960925108136e1,0.67566159927425451241548706140193665374044178379351495770314118637956604213591373e2
0.44643663765778836472590817577614972973846732748010344719274456512844961192931644e0,0.25631895569095427182620493731560655990596296268183341468446067309353837590094526e0,0.47969787108704863890396653056119097507182490508276460049844630098666718705297887e1,0.67678040732338203099441227046190932774221867644593203174510491205734945946687418e2
0.38183639868746235424457824995683906640972934456702507264490485014991723181136076e0,0.25028486489103248184680827827440372386129102603976489621270497489312530601956169e0,0.49821579431373393061635887655001177701752120906173341786614504187592760557375669e1,0.67870222525917369422230079509263316557767301538324116327200071940208474550268568e2
0.36020773264905622136095519996290189189569132376014159214430805585588818125095504e0,0.23334257187571103089412313114110810902437925032988088494885019854657391335380666e0,0.48650609325898634587013685313938097893973563113928558393419095067995214546028822e1,0.67925970202112179919872082097140136228094003401423832387178524500987802152118879e2
0.45772648942224805203424296889656278396508693785510046048419222077067606086565875e0,0.18819497803120989359071457988650812842656360506063195129567444240666500041156808e0,0.35187630578547602835279486176231048339395580082480571677961974262109286666260854e1,0.68108671603040857963646301037263897859902994772822499691073229433428273307748766e2
0.25900879710837533927375642734025200124998249681304364104324572587703574840786017e-2,0.18864245378585922981006393259209102675883053747397059477125752864052445866452197e0,0.66149855860511676957781978556925345491199955737058638823218235530285615965866539e1,0.68320247788309168171647748194107624419576586996288096423393780568303624321091876e2
0.44368331038654384895274962196712863749362514672545463368169447598338635096216294e0,0.2733456542580766229122760865026604631543565228416517614325614235547291287305956e0,0.51570750556662753250635889743728452826181902961026900557201175492386736779111964e1,0.68359108880512166945428967916855718320727175605386691508331491975416706032768053e2
0.27289593850022193707948134556253462837503008866087780932175648629300700693305727e0,0.33645802473204732310969788609212073927541377098148426575520111836079238577645776e0,0.68617745937684985619525054442493870521450021307394170481872499611407652574660267e1,0.68799342887353909312757561439552321103197359983430545787082452836247265271533114e2
0.43466615714708983013769675028670201272703486473884505779959968359117787648217269e0,0.21245521237974970962368242778294701109277375172068394121492650015617663846960117e0,0.41462910034419575795207097527437357431842861022900156454828115023253677795167738e1,0.69382422582705666647932037326111150672145237719416327193802311932962995597675681e2
0.37420458542198533219121343916287613016343386319851242164636992109028205291040843e0,0.27506377008898099580361687484893320270743340972408443413491601172604993095197007e0,0.55382441545076089276457957531439168738396223132260473020701079380034360314385946e1,0.6944503578947000305990267935119855290267568489982980530943320046812026351647328e2
0.33159993885478187967610373222080553178195655803820838906389058482488566834685702e0,0.2316185975997195967845736055839380388522713389020634495919286343294218521897159e0,0.51731980716512673250773171688303460508659259157413112891414494182442818461160005e1,0.69483594009251279382246080575513067354982664820516500074972834218045321934427513e2
0.43848991757615904109147308410892861938436908173077255401685242520759307475598683e0,0.12421446079157298897020301437477369419716412570340070341426987034163353355863849e0,0.24657697431418821751223172535945682883164587044607786202301039352059159407081417e1,0.69603261203926245101851375860920124405568723969086898902057689348129638150075605e2
0.45272099417703690922493373277860595649487058102163685699808874923862044638764881e0,0.25317210658256547618776681801166965354834617892181197718128590043599955964015889e0,0.48637756431850428047505352338894501568182970874162748021943674054342488320223952e1,0.69653001891460620542864473084539238418975012858738522414978523170827476206729421e2
0.2659536687653546484916345638507504262905163031622023915284871038850070142679252e0,0.35060516584636986886220154749493459130535668756660982704995071999431210277832931e0,0.71556280413373010455438918260718512301881054570255251704452617169559452434630013e1,0.6966241662240466379342285513258576642802594322271126598634993873165758137573317e2
0.3749925194848844097947796556863121583609401939782764118642560034413745238829901e0,0.34578159650391835224764149625107269015657899788831244763232512914252534953507042e0,0.66612215789238631315509939251100263257911613303738538539631252058063034643467656e1,0.69670797204169106121093847971135134007650581687031571840552088679117081477972819e2
0.41520916743262767377686459658052735158480644053582123189160547188895674455178754e0,0.25447397293318023682944610798469713195466760195145776096522782639246979441640569e0,0.50174230651697268338586108184847956950517498543620322168621349559358551323991375e1,0.69738276446578201353305415220977129848511147925506330102989574685595015769858184e2
0.42278922983490408580858476149185531279888910052893212354394308534457571057713087e0,0.37407044814393323784810140438947740598890903124635711543181129119329850094300557e0,0.70174789521836859820683843800671429412939214085803829290142500234864569403307411e1,0.69740015557512250506053689620977642254161052534768440667249936025606433737390549e2
0.42570813998117914992000362610191146679669403460993924478469552927995962035454765e0,0.36912488037447814322359356946175973564673737165152727902723742636831593083999221e0,0.69445989281963846092675416657905572583171140137947198055609032130078995590441617e1,0.69843319237130782785660775479000824561781850263282808580349450214930976543697381e2
0.47557805272150799813185856030459216938932758705423472563145944304757154714640571e0,0.18816715298092779124613188250922095825280129647786660794497639105839644311178892e0,0.35693192996198393256219231938736316096475048129580128851263220759422757691929382e1,0.70062786582310555469469004083938347513108200174011566381016991917641716045743045e2
0.45830223465358079081150062694217597297545955051559123441675116933602667209415505e0,0.2653629658737280840494224590315339171190941031368602478491262201995361868052933e0,0.51186649988966969938318615625713829846245611505724233994830881555005501450827098e1,0.70179132635471583367103910625208332006634356031090950820854425207700235702772105e2
0.40166239675990300258999326507398200214051550156873333049803767993818149715478773e0,0.37445987814899786867558983050674826621529403286966802543630846635159541236554209e0,0.71015656414318249906123601860511644825296006346991505496121196049007329639164849e1,0.70227412094941438414692701572128665853479436978152685171131763460965643971754438e2
0.47899206744865963744319273521919629785440325647312823881887189231779827291077438e0,0.1707724132161629417281340158556968446634754991242105810687666852577290401459421e0,0.32154134591865768222170458591537586871976688204590902962918268276007163859663553e1,0.70290547672445577033363042739656088667259498378623275454458970986575436093610921e2
0.19002041172984275562607620597340386591554617595988523294596377057074463414171032e0,0.32424189722090937018533870188717763543106500379688647905132975823187859315673807e0,0.72985508884108185326497961212011085974012331440570460527530196722306373119043357e1,0.70623957670224308020163951257893878530435029488060805436473320697491063562706798e2
0.22403167415979720184375860685936440720905365675881041478348850649325630631227092e0,0.27684970925083300218631798171941314296391521356165584083878787961697435961241513e0,0.66182342373307538668455814762252302952121002217640098310667875345451594648721694e1,0.70651189644089011153686072197312493726585102386068443739573756881102282342095616e2
0.22886363532897970243348648257892111142863371350946140864144493301151909208889652e0,0.30131669310686147360279973092088616059873300978233874648229118524874384299357272e0,0.68593158735985845795129676868702752578095374064513909625761912981224829348780386e1,0.70672873431769257647161842685327305154450664028064202333780427538319559069814691e2
0.46168261831998166888972101788188106902818247892000211013131079870092758745776869e0,0.22584202692519038162567491899258645920460268127491106036335555510209672589561395e0,0.43920825966923203858319168401289273064112856759191593204479933181396747433034961e1,0.70741777382913389560832727410833446819274649479971877012275343624783419764608186e2
0.2097977409639960632040812775702985496034532732485559402643294930987471401849157e0,0.2903958599256750873315900248062221015995933702127445480871114813808435203378202e0,0.68590653928053507634811116394606776666704538829877652887725274368089166555876028e1,0.70777531429632020694852314681763265523698269275648776662000909525024824949372604e2
0.21216652414624283921448653242170269412301744473238411244200055180604823099170054e0,0.28786736703100086663677960193126457582505840587995236552017969162499848905990122e0,0.68188679928669907002757260857494870557346057227510229573447118940163305972433121e1,0.70777611171838732763329166327566470380499814793684537758857819246728866401874458e2
0.23372138101392285240124036540290352415472134288703732182017466708341108291519508e0,0.31877383444983745931014992860713226246915962174031660513925969816623247825900423e0,0.70439677274449079882043052790417053951858097546399173211670406657796473159578554e1,0.70804587802187059887915296665915761889495123192622569695839560980210587854558797e2
0.46299509008678334514594793813740271348595000402746076075093423011355198316365765e0,0.2145696185754580993539102924898269919571207901971453890067817796316002646308473e0,0.41970257715279474527458513317245380866570934186405963724260261430085294694050388e1,0.71264877304695986872115213522657661511574069391336174060520544858870486919770364e2
0.39327302676184532559891978999011459782604032901179677677402924371806461358304576e0,0.29324317952252887098617201058277950246537717246977077910944123600060741633612399e0,0.59013933889363394990157190741741304080270834522110936769256320109060164588049865e1,0.71357477205373474091074184231995015122836890278583563923641547060801580505933176e2
0.38953776614115014247519906596764639613647660487366014017724227986204858539479221e0,0.28553891800655817678775879513682672082397185684084332105049051040651088243648932e0,0.57886106219713117948787252874930371751631993389334148874381550796739574472663229e1,0.71363586022750078868777926981809547143832760919901645319452097779412868175457601e2
0.41111759199335333336174636368769892320573568902400653511158976040125818714494181e0,0.3200530918109070069832147474838430851798231691316556364035703244677584506021752e0,0.62975039472057112948024838799404033666748765544700942573734687601780062357630379e1,0.71383537751492593553566934381274288761054407524091938599300182830294952067639882e2
0.4150387137659705267903931841929785188418335677556848639041933481670784204083823e0,0.34035726154689544809955753696755983586556653054126937910023421117803313184849709e0,0.66364575969182392269255088062554530572674051429969515105388925431681839370094436e1,0.71430805345757988196959789414140660334769363715031592116818238774384527371547829e2
0.44563359543021918738842378026519363339787340649945750917112325893064693946167308e0,0.25499758486641094830768671725578909218319982197077586820378168769201122027339372e0,0.50544400359240595484420757132347135442728082751259354309101712832083460345489774e1,0.71634454217538973093583425705028939819441936730926273064494360516157010254809559e2
0.21041563406649962381931516280742363190546796437980605078843735816984761696692623e0,0.10808293052258464548067804701220202113019539085338226985753803149284131969194585e0,0.53952449725048023803828591767047626870222859911154565435780410916059131223151335e1,0.72012567032558700082788510245552567034870806245919818340192270297275871798318106e2
0.4808676673502632955924529819858072907973004902447338133982844905829684183050039e0,0.18234187728842399654520168644173920531471231212651595352237350782526300433273983e0,0.35417447159840718053221781912074769762644514717222291577147953074061342803656074e1,0.72115412267268177994302036152807157366950897229496591536614347901309798351570134e2
0.45010235185703427785697550343251414268935082352616343041630731200655691146913315e0,0.18485704457499731917895022390380764015004982583166889204173001399324663866943433e0,0.37159866250867226277869817846007654249434081320151551635498717373965224619224908e1,0.7262787221314628895524973014253683225465719431690706411953414186616297968927481e2
0.4464200886819705465780917765780045369664500075225274934564421235085895433459943e0,0.26751562628760903368305973893308088688505407311964923751558007261118731497548007e0,0.53709515931766850219622145205271283970821706796998434528666204888877259520955325e1,0.7274653733403160120990411535524079053174415811375350113700976242798798988161014e2
0.40646223215323725219723769647010943271325856201699156677713534454085704079851283e0,0.25941512895105214029795583022326157762768799599662166065179063450239737565853429e0,0.53728720693584275697882924129113252824252550457777866190363204207980674077578758e1,0.72865291408654318813557338469739494075598229519871652239707477875696610237302215e2
0.35783622330259073305545179711908919063482741336564338104585346079904634860045715e0,0.23312218563706515929048864030767934940036738079328202087412367219611894676444521e0,0.52359915228274703029162349397938943573213051137400395235418588571263850517711687e1,0.72896664014012700420035629530986195544681973228455510487380482989620335400462821e2
0.31649885563024587229644208446025384043349692629762172628658509310661662516843012e0,0.23123162199884526573633091754666723850622228227286236927431143071360900919296319e0,0.55671780925194068923836813140053932191816126616618397555405452773102204248861594e1,0.73105018954661528447920617189847378940998322158835992793449181538674189816026684e2
0.30368581706652088533506931953532291814390695249532520268212407030112132635334582e0,0.19932098788491065488943614052590387586348490428344717584523816446000644017608811e0,0.5260075993146756385632077606252627511880163282190631763106315470371094886313901e1,0.73134499863640560955895990835136288977082867919275238822970232942313728405265113e2
0.37813292290454611966870144009977773782753333152888539743064424672396684130598295e0,0.27735554938029050966608669919351438182525396620892090092395472292246717230455039e0,0.58589987607248849413226814939083663440137749453276224681315913102557897617055366e1,0.7325194668083856875632065352297632034400692703417259041709104757838597081583722e2
0.46977302587004757276528003506389324905161511584476144390622127037562743758141676e0,0.21099326564377422251599446571863532066188493912755232228572835826932129784202331e0,0.42246608607597892062513329592649407821514692842644954290954420719671598688757117e1,0.73252898319819123506544439594619143993637430061291976468877452506328843711503756e2
0.33147703922152802246025189790809969767344463540855935320185980977179944596166362e0,0.23065414256822763804434032181320657988356789984960993044387494957350552767136781e0,0.54444253787502494808021310102867499114328771459834712068463175100583240855588675e1,0.73304243350073303383009480738807502771601622066042753335713902884924331110117836e2
0.38042013679474101035813893309740215600023348995976350982919880072406399661374849e0,0.20222680326482582095362546319746338940424535755206988729915606242768861880591211e0,0.4573776454254152509123768044972039814021849804199823257579153770650744221267832e1,0.73420248933088006745627777922621622740880967851401645408174395185912651656330893e2
0.36929512307646971211478881791001057250209265071490618708211853886627269692977343e0,0.19144840441632413711713819823418048937822842071428150796400909965194772052094552e0,0.44953638188430166182019668082341037737595606111357840332346352614980677736969712e1,0.73420984508397398253303291950676945573280795169866294311356098439755833425943256e2
0.4336927177821870483959680120198731368887621585133630972045522859624788608482229e0,0.21120838876464533918143674966900792914591304466920417043567532252320876986896816e0,0.43704143035624193260191438231886619283210470877687638937283559992479326125279999e1,0.73462765792357224319260348220516817449330011490438370871375004827272108977902775e2
0.38125104759258902545655768753851771638713675699573785764062381917464657877112238e0,0.34220415233085606950048169862349824543738747134685111659980278547871510462236264e0,0.69477328235532843373681769212505295916186317343510606051708467427119254358563959e1,0.73487814667666914414173089635869270662252296326111376517662252165137113136177012e2
0.24708678520846384471851499244505169668465585264609021242184573983223949864138876e0,0.30106646805006682405053630474576406583094973002107074715299114683680260983974031e0,0.7025255935190342956827987873126376389020100083556546272551269347784075439304827e1,0.73527692888340930143784317412632757328325051843528305054312431201497847976041042e2
0.45060711166947363778095382912136067989311530178170645931791803718636313940269964e0,0.25283892032465109681666039539818990469389130183440614755008025352349512534638761e0,0.5136069419768293851762316481666457759155346247094224882662802903482544323111678e1,0.73573954843074174409605849961778473718228017528647653578015349294559533453091753e2
0.3309724416665137372265232593911816925672420605220906511544797545743828252774018e0,0.32336915871433574965775166473404207315286783009230217760877406054993704512977792e0,0.68666309725961235774715065926446629757614114310840255451052733335650376940015411e1,0.73617415323276761837967987255929894918207941027022710067800139456137884281336341e2
0.41727995207797618953958158509678079334788750816142345747359487977028510111182283e0,0.25378070779469656425016769876163700169644322565482292056254057939267573186650109e0,0.52750172620744741422374780012700973793751546406420294258094198554724902301559841e1,0.73627953783193154940145681885921408054568622800076310662249224446908582883643464e2
0.47301444891280024082295019842549351195908513142283327801655013197111685899928969e0,0.18659588641939769790222733657325466719217606114018602045242889981483366791979779e0,0.37673776018015885696596529771149036510641029291238303117237868287603319582776545e1,0.74509652636486446042192091943467936803461296469856599426647469668912746343037956e2
0.43396748824396297128442033656909241476015619195601230815130472011780386399405483e0,0.34018615398819586412973117644789315723832269907129271500277521194935012820904189e0,0.69009416004382135612102533176898391810246040667642515966723117045465125966605625e1,0.74662877387493799027620002736149093699112925150100296622123269781842602368951383e2
0.45631217856257309352802121996972086370422436539124925749365763176147477625178019e0,0.26094512268572848637751952077959932657679985288532735300095169147175755684872503e0,0.53751821198623457438326904955433697876289878956996523639018411762990858201385408e1,0.74857148751964506674633995369923664594287711754771944640654140511592592135505806e2
0.39555548735254021740352683766940986553510779180440355337976072595160890065321637e0,0.2952176419585863761912713813242911002602672162163449233891549940459890662111494e0,0.62388047736792757828451555557029062573811315486531875986611020134148824534834774e1,0.75131030483474326523404933845048519212816693931052940295407242108540716329019038e2
0.39069367144338343243800647101096116750333280382470178143875313936524932581742478e0,0.28564701822793839136770883134728980514369063527853617453856845352014486150511022e0,0.60915554465027185894195905608403778674540672077666211703913497958074341687149891e1,0.75141819679579285160326611466214306076292832263946005435770175534375566185111341e2
0.41084735393345370034372873235909052548509076895883134375840381960689993101845294e0,0.31829005365413005312316207790769595159628148369259837748899896808509804458815351e0,0.65988669953000322909150930856912846206905893173509554377978641481604717264281465e1,0.75149034838761055963547629635402239623852615033405616017684528045471289134489662e2
0.46193724947069940833646752879570771358439248437591009630904194448700597869994467e0,0.21353221391545380128615811471649966393016685958950808656256501126036065275912101e0,0.44169973290051567764950218262798568255982263024344888256381944855069636617329616e1,0.75324798613036633866122993329612974694785452503610015501623399825968314783033952e2
0.46496532276609953738676499731651712325203878986971030754428096468287185145785294e0,0.16629548197399707621061869873807515039022641922395259576006222207852441242791529e0,0.33945870052730604922764840104876522360373386064238234187128706529999160030546893e1,0.75453450167489848717953930928936755241843743184075546488766408817466761948139467e2
0.44505532341823046818931667975216221284830346028783217997341144576937575480094946e0,0.25396019987635391577871312768042267956149292809595247928407113898866065148894661e0,0.53087744384897381593282533911776053905755764400557291900072349424990470736846114e1,0.75509809164957709459706231656850249055752709256722999214165679602471079719176731e2
0.40952260617171487123076386101696535240121497700363376524363921803372012685432534e0,0.20583944601011502350565540356874610625762939706317460767873816144613079856468326e0,0.45419902083491260983588677799934999841619670291529994166545453763847356870355723e1,0.75613772769906334279611893058240027151950588861809193824614280130062298912168666e2
0.39066556233615475425200671092530154993862005476900285711814552953611812623985139e0,0.19299803876728411130073593370673809147376200029822389040699659756560430142122434e0,0.44569290028842276192757358131527942337127572616330012155290510420089043674741417e1,0.75665459601473075759374996721783032778174399959433336225106325785552548475611903e2
0.19574517064423277003008082491627694487255466579437333648949349567226619024977077e0,0.83509387607775618167773171312127697023500301772592744387422735824737802166341042e-1,0.57198002531533015069362148230388011051708556402207947538045147839509589288359483e1,0.75729152741070268192375877086130348867599505845392186259275105160015313422456813e2
0.42215216123145910557107293636507683220229445362975972415621916813488839443229718e0,0.33147936041006462477548051907408299838142042058062871509790188822624886732136241e0,0.68627175807578757146752420046588569256322101277171912009221269389789165996012467e1,0.75748266966602162900838734240557717594219442224867731883534522376236411030167378e2
0.46116147543697642647713594518984771187195757941160421272586199049709676161699074e0,0.22345819215483520305375539747245996952018976641540891779068984443586896987871433e0,0.46739774108457203076341489757979234694919800777401137764218813418833426480711048e1,0.76073216706626750306895087918487736108464360061150441182395126216033309990928527e2
0.27482664892717024289093508670797236189459122870210243536097135147012587952483431e0,0.33733030961358941734047647987815600025125069360020112805376225871712884698967983e0,0.76033732418245824113882113713426955184075825458822126564562828413332727123186803e1,0.76214371044015137971804456497058529806719703555968542854469168505140885984986638e2
0.47891493945471469294382064141167133817959798773513824388842346481395756440323014e0,0.18281563919447017689809643128418413022289429829000300431071714094753522443931555e0,0.377181461884910746965269815760709770060506736491969886333220640372118782283204e1,0.76515159337588764846839074173644749364685379274395108760790874752653980822372122e2
0.45226556480500604031271839051583030192389317220377395294380213246469686156811601e0,0.11937749366544951434119472156763727358510273769207377136462382759782609045361394e0,0.24922666815159836779363925926059407841028887065194153179012435584841176295665612e1,0.76694020111819077053305450028584416711591022769966309840262877640945404949027282e2
0.4470067109548954642742460754375091760605804777032931218776763490684116729858336e0,0.18313297654353486826276563804526811034528159737532121386233046924197470599352554e0,0.39117847647266171480256858154612279739475894353700955212368451332639523319256363e1,0.76870053262424792877032891330106707041348618824393876489997802573796701647483506e2
0.38103128941249026335251480570334146084384337822894040177809648928023362403564178e0,0.27895539536543731347973450319387158080162307544072676696352880084987657857986014e0,0.61718993242730759348190880751563068049084945510059925566648713647068470627187084e1,0.77008010880912577673802857381780249251320431001995661897426341573394640214631386e2
0.3316067308021998951589306830187302897768029931952046833534414306923633757560305e0,0.23019671120314190406320532470988887698678168847696081399674860592773792731039603e0,0.57159733081609097905691065664243707178188197380501944100987443867542468716604164e1,0.77071950326247655563723509097528878284177986003309716232448483758716548682358376e2
0.3908282438765621958189331381016612660784181642736759183770533467140117268894545e0,0.21037640528296943480556767646353861575467092499268711146055757147185800586280434e0,0.48743803268549990764434163403592536564166415229137159768065170639753032304741654e1,0.77291300185443983256168345083404645580228590305795990001899077243313143557280104e2
0.36407535265439872281897425514883755632741872841185605128572501911194473043671324e0,0.18522573629717592587319715143302851703271148983226511826364607216683722161852688e0,0.46817024116181829317567933208216947209952209331873181058805241689846410665318141e1,0.77301526851763236139089971487034717799783648154047425871107181936421135234520229e2
0.43035433329617528998507608044462005462545848910029121592974168397131505219435419e0,0.34209293937039011301540164535442816175740601869373374448749414495392528903304561e0,0.71882972984673818006918021204843076814576135110755909178792938584584949855665403e1,0.77330961773574115513318546548827971525865108945745394205972333551115212338220794e2
0.48050312858403765521403570081501681617449285605392600571022452513579518745377761e0,0.16661419488013823458514809702633625798661336245289170308566320346238533041159903e0,0.34414460903248185031085543028941973197118036553997663070258806411290890702873722e1,0.77385122859004912553125873267074091194314411667653510001967207807492243672218686e2
0.44859333103918751258319987005855778692443990067493082524403294815587366997698814e0,0.25254328814629675517268635776596457004913651620485552212130912489015430153040409e0,0.54038352338295309237177519813888504595981789639733820320259212825951978800621213e1,0.77420085049353633945213112439127871018471649907619906774601407811772503733594614e2
0.43376066252416975663574454537561537589228395388453060355987640660362322059469662e0,0.21047732475843456250080126091274266631179282072085024820615759100524003544927157e0,0.45909087797000895046791012576479435283796193518316766993927090718592332772235753e1,0.77430273666112082409830297906095008176712430220374284666897804789357972659604263e2
0.41973266851256376614245402552821830689326507051609212097412412896149655847644017e0,0.25328239145039122437840843330483050622598055980621891705255889206220156311180649e0,0.55278470837407413237227657918965232653273199079567397753961773896496566307814871e1,0.77452865037800542302751691272004272506298636028633405022248196065170755682912581e2
0.424346568316747798163410006528532384717884989271587550332567501464722049445735e0,0.26358361470370950112290021481676612258099103732074309769362356957915374290245551e0,0.57324503097206099668591549887824999403398273632007148672864919528106143745256297e1,0.77743766082383800973802363874546596753593351184878044884852369068406871808881808e2
0.32826572255148787230146029566568370365233296512379556392660756879530076081342356e0,0.24550401172918475398634077056963173899986829376243162539750524334426061669070315e0,0.60531061812727849510711002925696655594672884133267410277552483634300505123001353e1,0.77975908093542484361081256827272792699161237125523256184832359337098850546770789e2
0.47986863296113315546257524116640874694472452918741956952420461219742488349770736e0,0.19367692366574917071551129983918422643544571058346680765701085549232897045387563e0,0.40903916509971603528889626435902435992529456164824175859730713662554171705155294e1,0.77985732816480845480049159994566597512323037849890515634087859305138285406004165e2
0.32670749992526212565261591465154955311941736599095058870796313387926713409569003e0,0.23391754021484049936491850241297892680552919106602643332275042275859993281489567e0,0.58865044443488819693760869917812782327151167020361727319762894675136285695111639e1,0.77987081351473523447929575591219892224591563419860409374661197912442765859824094e2
0.43507146634463012614879190941264490610041218282311220646253939810408863688871248e0,0.27492333343480409097497037417374952660162324684325730724472981070149143614823943e0,0.59613701098710131488743210525528790498248499646631778829175523122373230150131906e1,0.78281892536276167203393623918615128352934526640167380376697244129948348110573596e2
0.3644011247305141205805793713598102086217612898453632041623259968212393315352073e0,0.33574892925964997940265355092075283391214173071215324551979994409020068270762635e0,0.73544410142180637920393219504937278968304099616679788521059436378551091318717185e1,0.78311767967832213721363972167714473985142463344394258787061611154226909491770753e2
0.47157168153606842329173185914571235221410595648145362798145933311682422336225933e0,0.18559767755916808037877349880310019416561575830825632896307075063284332000071244e0,0.39610448984729214305769786468656050610417637867847188855672382246567097365944671e1,0.78718241246156752160633840725534222267651072138174784680664838045645940531641124e2
0.39748277755967127421523237484104197225076983593453477396926564289531315592206601e0,0.29684973060140580873476240451836548322700707548977813893620337914607761352870464e0,0.65705780320483950583717289605786068434022169089901689859670968193228308957871087e1,0.78859402029771416453647683805262728619229892510092867468956050340630225873065426e2
0.41059667113487722895357953223394645845762247258887696607070600834718240516695727e0,0.31672331965937658287653037469463048641772047660318998105960332605355464223140438e0,0.68970173253009293581686185373120823907108496955215734552890576933000084060894199e1,0.78871676263076444019946153819560858514710359181580045118582702506139453881789268e2
0.3916720617223843671154630411219040505833506707809557203445057823564737379946197e0,0.28581238494382375108804841235437380344099995648129212865125313286886380956478406e0,0.63924611982297896087124902897087276526411365191024409031190433275347558099355887e1,0.78874671285353427892967787725875910463011891255330098688900520699474121081025275e2
0.27042925195919033947017154694963474083046901560146711567929805597399934114199999e0,0.15168856608082883195450770643851478209109579664581958827184890018677849609352654e0,0.54952418290438689325286716157878849061173321723402305444212009074008333519167345e1,0.78908776849326383130751314971874702259577122681493394443885902062553085863889649e2
0.46120409470704169691231936488281752059953309146363010834197850846775886204580893e0,0.21275456080478463921629502060320408398594626915359957396240114005508113186666693e0,0.46336039866294019524362724872792749307207739506951946567474898022622030712989967e1,0.79277394566552901252678203589535372501541212773201388914560126201838928202380784e2
0.4446184922783349186753368031220635665822852075982204298838611684517742413387519e0,0.25311863044487824372925266673249023296882194043356860736471621138724893409667439e0,0.55604309993635464065359314833211548348262301698240202302176079126911368544077912e1,0.79321854647934024675305526294297842525698909094655427689535624366580218882169398e2
0.19249144731217454852214513881679879575640332894192780796071392418182586541878072e0,0.68744695172487123576559468380269717472335961427662268524591946648302288831987248e-1,0.59747804724690026706686554919104288889957974469806565335317204400734501285919692e1,0.7940290611676712465260010931948431180273786923164777170363430020385325682843796e2
0.48501573496844300070904602422963771422089289101948922014870216807868604812044262e0,0.16202858697152629774250714741283686952817397230514559207177957486544708128116323e0,0.34145154913713522708569825056287056402539427249490756769968586836453268293960077e1,0.79404990537012927292937720890634945252439568475664579551362179044467179159990362e2
0.45079353693528561481002563611429186433443633103684734354327686510702622100950687e0,0.26172229021910924215260897455432503830832011569559015267631188143089894718204334e0,0.57315557723472194865506702653388133869919153679851980986650214188905629290652596e1,0.79420666807402949811896611062338472616788482878721525173916075673120743532600845e2
0.45809998338902661877383264636784400943465176773258621198897239758946117370765374e0,0.16362967544589548893169836279120675976456731500484515940426447886632085589841762e0,0.35681488563477824288745001621671522792552329796053057218213012263367675614780775e1,0.79969885975532307695269819460804792892660229250758776575292100930240608843519894e2
0.27009097520196747431328058384921770520110472544966786422339395799157705042015121e0,0.32199445186447354339043380776549771815598092654844034300633285035864750442761301e-1,0.47123188778132189873725298525961803615640267270590014690539533300512973960427737e1,0.79990065696251668102800729685304203624786823413653975545966117116781344804743715e2
